,Date,admission_count,kpi_admits_indicator,inpatient_count,kpi_patient_indicator,inpatient_count_pct_change
0,2020-03-31T00:00:00.000Z,,,47,0,
1,2020-04-01T00:00:00.000Z,,,46,0,
2,2020-04-02T00:00:00.000Z,,,46,0,
3,2020-04-03T00:00:00.000Z,2.0,0.0,46,0,
4,2020-04-04T00:00:00.000Z,1.0,0.0,42,0,
5,2020-04-05T00:00:00.000Z,0.0,0.0,40,0,-14.8936170213
6,2020-04-06T00:00:00.000Z,0.0,0.0,33,0,-28.2608695652
7,2020-04-07T00:00:00.000Z,1.0,0.0,35,0,-23.9130434783
8,2020-04-08T00:00:00.000Z,1.0,0.0,40,0,-13.0434782609
9,2020-04-09T00:00:00.000Z,1.0,0.0,37,0,-11.9047619048
10,2020-04-10T00:00:00.000Z,4.0,0.0,39,0,-2.5
11,2020-04-11T00:00:00.000Z,0.0,0.0,46,0,39.3939393939
12,2020-04-12T00:00:00.000Z,1.0,0.0,46,0,31.4285714286
13,2020-04-13T00:00:00.000Z,1.0,0.0,46,0,15.0
14,2020-04-14T00:00:00.000Z,1.0,0.0,46,0,24.3243243243
15,2020-04-15T00:00:00.000Z,2.0,0.0,43,0,10.2564102564
16,2020-04-16T00:00:00.000Z,1.0,0.0,47,0,2.1739130435
17,2020-04-17T00:00:00.000Z,2.0,0.0,46,0,0.0
18,2020-04-18T00:00:00.000Z,4.0,0.0,46,0,0.0
19,2020-04-19T00:00:00.000Z,0.0,0.0,46,0,0.0
20,2020-04-20T00:00:00.000Z,1.0,0.0,47,0,9.3023255814
21,2020-04-21T00:00:00.000Z,3.0,0.0,45,0,-4.2553191489
22,2020-04-22T00:00:00.000Z,0.0,0.0,54,0,17.3913043478
23,2020-04-23T00:00:00.000Z,3.0,0.0,45,0,-2.1739130435
24,2020-04-24T00:00:00.000Z,0.0,0.0,52,0,13.0434782609
25,2020-04-25T00:00:00.000Z,3.0,0.0,52,0,10.6382978723
26,2020-04-26T00:00:00.000Z,3.0,0.0,52,0,15.5555555556
27,2020-04-27T00:00:00.000Z,1.0,0.0,44,0,-18.5185185185
28,2020-04-28T00:00:00.000Z,,,42,0,-6.6666666667
29,2020-04-29T00:00:00.000Z,8.0,0.0,46,0,-11.5384615385
30,2020-04-30T00:00:00.000Z,5.0,0.0,47,0,-9.6153846154
31,2020-05-01T00:00:00.000Z,6.0,0.0,48,0,-7.6923076923
32,2020-05-02T00:00:00.000Z,10.0,0.0,48,0,9.0909090909
33,2020-05-03T00:00:00.000Z,3.0,0.0,48,0,14.2857142857
34,2020-05-04T00:00:00.000Z,5.0,0.0,43,0,-6.5217391304
35,2020-05-05T00:00:00.000Z,6.0,0.0,43,0,-8.5106382979
36,2020-05-06T00:00:00.000Z,7.0,0.0,39,0,-18.75
37,2020-05-07T00:00:00.000Z,4.0,0.0,35,0,-27.0833333333
38,2020-05-08T00:00:00.000Z,1.0,0.0,33,0,-31.25
39,2020-05-09T00:00:00.000Z,,,33,0,-23.2558139535
40,2020-05-10T00:00:00.000Z,,,33,0,-23.2558139535
41,2020-05-11T00:00:00.000Z,5.0,0.0,29,0,-25.641025641
42,2020-05-12T00:00:00.000Z,4.0,0.0,35,0,0.0
43,2020-05-13T00:00:00.000Z,4.0,0.0,34,0,3.0303030303
44,2020-05-14T00:00:00.000Z,2.0,0.0,32,0,-3.0303030303
45,2020-05-15T00:00:00.000Z,3.0,0.0,25,0,-24.2424242424
46,2020-05-16T00:00:00.000Z,,,25,0,-13.7931034483
47,2020-05-17T00:00:00.000Z,,,25,0,-28.5714285714
48,2020-05-18T00:00:00.000Z,3.0,0.0,25,0,-26.4705882353
49,2020-05-19T00:00:00.000Z,2.0,0.0,25,0,-21.875
50,2020-05-20T00:00:00.000Z,4.0,0.0,16,0,-36.0
51,2020-05-21T00:00:00.000Z,3.0,0.0,14,0,-44.0
52,2020-05-22T00:00:00.000Z,1.0,0.0,14,0,-44.0
53,2020-05-23T00:00:00.000Z,,,14,0,-44.0
54,2020-05-24T00:00:00.000Z,,,14,0,-44.0
55,2020-05-25T00:00:00.000Z,,,14,0,-12.5
56,2020-05-26T00:00:00.000Z,1.0,0.0,14,0,0.0
57,2020-05-27T00:00:00.000Z,3.0,0.0,13,0,-7.1428571429
58,2020-05-28T00:00:00.000Z,,,13,0,-7.1428571429
59,2020-05-29T00:00:00.000Z,3.0,0.0,9,0,-35.7142857143
60,2020-06-01T00:00:00.000Z,3.0,0.0,4,0,-71.4285714286
61,2020-06-03T00:00:00.000Z,3.0,0.0,5,0,-64.2857142857
62,2020-06-05T00:00:00.000Z,1.0,0.0,5,0,-61.5384615385
63,2020-06-08T00:00:00.000Z,2.0,0.0,3,0,-76.9230769231
64,2020-06-10T00:00:00.000Z,4.0,0.0,1,0,-88.8888888889
65,2020-06-12T00:00:00.000Z,0.0,0.0,0,0,-100.0
66,2020-06-15T00:00:00.000Z,0.0,0.0,6,0,20.0
67,2020-06-17T00:00:00.000Z,4.0,0.0,9,0,80.0
68,2020-06-19T00:00:00.000Z,1.0,0.0,6,0,100.0
69,2020-06-22T00:00:00.000Z,4.0,0.0,6,0,500.0
70,2020-06-24T00:00:00.000Z,1.0,0.0,8,0,
71,2020-06-25T00:00:00.000Z,3.0,0.0,7,0,16.6666666667
72,2020-06-26T00:00:00.000Z,3.0,0.0,9,0,0.0
73,2020-06-29T00:00:00.000Z,4.0,0.0,7,0,16.6666666667
74,2020-06-30T00:00:00.000Z,3.0,0.0,6,0,0.0
75,2020-07-01T00:00:00.000Z,4.0,0.0,7,0,-12.5
76,2020-07-02T00:00:00.000Z,4.0,0.0,7,0,0.0
77,2020-07-06T00:00:00.000Z,4.0,0.0,12,0,33.3333333333
78,2020-07-07T00:00:00.000Z,1.0,0.0,11,0,57.1428571429
79,2020-07-08T00:00:00.000Z,4.0,0.0,11,0,83.3333333333
80,2020-07-09T00:00:00.000Z,2.0,0.0,12,0,71.4285714286
81,2020-07-10T00:00:00.000Z,4.0,0.0,11,0,57.1428571429
82,2020-07-13T00:00:00.000Z,3.0,0.0,11,0,-8.3333333333
83,2020-07-14T00:00:00.000Z,1.0,0.0,11,0,0.0
84,2020-07-15T00:00:00.000Z,2.0,0.0,12,0,9.0909090909
85,2020-07-16T00:00:00.000Z,4.0,0.0,15,0,25.0
86,2020-07-17T00:00:00.000Z,2.0,0.0,12,0,9.0909090909
87,2020-07-20T00:00:00.000Z,2.0,0.0,13,0,18.1818181818
88,2020-07-21T00:00:00.000Z,2.0,0.0,11,0,0.0
89,2020-07-22T00:00:00.000Z,7.0,0.0,18,0,50.0
90,2020-07-23T00:00:00.000Z,4.0,0.0,18,0,20.0
91,2020-07-24T00:00:00.000Z,4.0,0.0,17,0,41.6666666667
92,2020-07-27T00:00:00.000Z,3.0,0.0,14,0,7.6923076923
93,2020-07-28T00:00:00.000Z,3.0,0.0,17,0,54.5454545455
94,2020-07-29T00:00:00.000Z,1.0,0.0,17,0,-5.5555555556
95,2020-07-30T00:00:00.000Z,0.0,0.0,13,0,-27.7777777778
96,2020-07-31T00:00:00.000Z,1.0,0.0,10,0,-41.1764705882
97,2020-08-03T00:00:00.000Z,0.0,0.0,8,0,-42.8571428571
98,2020-08-04T00:00:00.000Z,1.0,0.0,9,0,-47.0588235294
99,2020-08-05T00:00:00.000Z,1.0,0.0,10,0,-41.1764705882
100,2020-08-06T00:00:00.000Z,3.0,0.0,11,0,-15.3846153846
101,2020-08-07T00:00:00.000Z,0.0,0.0,9,0,-10.0
102,2020-08-10T00:00:00.000Z,3.0,0.0,11,0,37.5
103,2020-08-11T00:00:00.000Z,6.0,0.0,14,0,55.5555555556
104,2020-08-12T00:00:00.000Z,0.0,0.0,5,0,-50.0
105,2020-08-13T00:00:00.000Z,0.0,0.0,2,0,-81.8181818182
106,2020-08-14T00:00:00.000Z,4.0,0.0,6,0,-33.3333333333
107,2020-08-17T00:00:00.000Z,2.0,0.0,12,0,9.0909090909
108,2020-08-18T00:00:00.000Z,4.0,0.0,13,0,-7.1428571429
109,2020-08-19T00:00:00.000Z,0.0,0.0,9,0,80.0
110,2020-08-20T00:00:00.000Z,1.0,0.0,7,0,250.0
111,2020-08-21T00:00:00.000Z,0.0,0.0,6,0,0.0
112,2020-08-24T00:00:00.000Z,0.0,0.0,2,0,-83.3333333333
113,2020-08-25T00:00:00.000Z,5.0,0.0,7,0,-46.1538461538
114,2020-08-26T00:00:00.000Z,2.0,0.0,6,0,-33.3333333333
115,2020-08-27T00:00:00.000Z,2.0,0.0,7,0,0.0
116,2020-08-28T00:00:00.000Z,1.0,0.0,6,0,0.0
117,2020-08-31T00:00:00.000Z,1.0,0.0,5,0,150.0
118,2020-09-01T00:00:00.000Z,1.0,0.0,4,0,-42.8571428571
119,2020-09-02T00:00:00.000Z,1.0,0.0,5,0,-16.6666666667
120,2020-09-03T00:00:00.000Z,1.0,0.0,4,0,-42.8571428571
121,2020-09-04T00:00:00.000Z,2.0,0.0,6,0,0.0
122,2020-09-08T00:00:00.000Z,1.0,0.0,5,0,0.0
123,2020-09-09T00:00:00.000Z,3.0,0.0,9,0,125.0
124,2020-09-10T00:00:00.000Z,0.0,0.0,8,0,60.0
125,2020-09-11T00:00:00.000Z,0.0,0.0,6,0,50.0
126,2020-09-14T00:00:00.000Z,2.0,0.0,9,0,50.0
127,2020-09-15T00:00:00.000Z,3.0,0.0,11,0,120.0
128,2020-09-16T00:00:00.000Z,1.0,0.0,7,0,-22.2222222222
129,2020-09-17T00:00:00.000Z,1.0,0.0,7,0,-12.5
130,2020-09-18T00:00:00.000Z,0.0,0.0,5,0,-16.6666666667
131,2020-09-21T00:00:00.000Z,1.0,0.0,4,0,-55.5555555556
132,2020-09-22T00:00:00.000Z,1.0,0.0,5,0,-54.5454545455
133,2020-09-23T00:00:00.000Z,4.0,0.0,9,0,28.5714285714
134,2020-09-24T00:00:00.000Z,1.0,0.0,6,0,-14.2857142857
135,2020-09-25T00:00:00.000Z,2.0,0.0,4,0,-20.0
136,2020-09-28T00:00:00.000Z,2.0,0.0,6,0,50.0
137,2020-09-29T00:00:00.000Z,3.0,0.0,8,0,60.0
138,2020-09-30T00:00:00.000Z,1.0,0.0,9,0,0.0
139,2020-10-01T00:00:00.000Z,3.0,0.0,14,0,133.3333333333
140,2020-10-02T00:00:00.000Z,2.0,0.0,16,0,300.0
141,2020-10-05T00:00:00.000Z,6.0,0.0,17,0,183.3333333333
142,2020-10-06T00:00:00.000Z,4.0,0.0,17,0,112.5
143,2020-10-07T00:00:00.000Z,3.0,0.0,17,0,88.8888888889
144,2020-10-08T00:00:00.000Z,4.0,0.0,20,0,42.8571428571
145,2020-10-09T00:00:00.000Z,3.0,0.0,19,0,18.75
146,2020-10-12T00:00:00.000Z,4.0,0.0,21,0,23.5294117647
147,2020-10-13T00:00:00.000Z,5.0,0.0,25,0,47.0588235294
148,2020-10-14T00:00:00.000Z,1.0,0.0,20,0,17.6470588235
149,2020-10-15T00:00:00.000Z,4.0,0.0,21,0,5.0
150,2020-10-16T00:00:00.000Z,6.0,0.0,24,0,26.3157894737
151,2020-10-19T00:00:00.000Z,1.0,0.0,19,0,-9.5238095238
152,2020-10-20T00:00:00.000Z,6.0,0.0,21,0,-16.0
153,2020-10-21T00:00:00.000Z,4.0,0.0,25,0,25.0
154,2020-10-22T00:00:00.000Z,7.0,0.0,25,0,19.0476190476
155,2020-10-23T00:00:00.000Z,9.0,0.0,26,0,8.3333333333
156,2020-10-26T00:00:00.000Z,8.0,0.0,24,0,26.3157894737
157,2020-10-27T00:00:00.000Z,6.0,0.0,25,0,19.0476190476
158,2020-10-28T00:00:00.000Z,5.0,0.0,27,0,8.0
159,2020-10-29T00:00:00.000Z,7.0,0.0,29,0,16.0
160,2020-10-30T00:00:00.000Z,4.0,0.0,29,0,11.5384615385
161,2020-11-02T00:00:00.000Z,8.0,0.0,22,0,-8.3333333333
162,2020-11-03T00:00:00.000Z,10.0,0.0,35,0,40.0
163,2020-11-04T00:00:00.000Z,11.0,0.0,44,0,62.962962963
164,2020-11-05T00:00:00.000Z,13.0,0.0,50,0,72.4137931034
165,2020-11-06T00:00:00.000Z,11.0,0.0,65,1,124.1379310345
166,2020-11-07T00:00:00.000Z,,,65,1,195.4545454545
167,2020-11-08T00:00:00.000Z,,,65,1,85.7142857143
168,2020-11-09T00:00:00.000Z,8.0,0.0,51,0,15.9090909091
169,2020-11-10T00:00:00.000Z,19.0,1.0,57,0,14.0
170,2020-11-12T00:00:00.000Z,7.0,0.0,62,0,-4.6153846154
171,2020-11-13T00:00:00.000Z,13.0,0.0,63,0,-3.0769230769
172,2020-11-16T00:00:00.000Z,8.0,0.0,60,0,-7.6923076923
173,2020-11-17T00:00:00.000Z,14.0,0.0,64,0,25.4901960784
174,2020-11-18T00:00:00.000Z,23.0,1.0,82,1,43.8596491228
175,2020-11-19T00:00:00.000Z,14.0,0.0,88,1,41.935483871
176,2020-11-20T00:00:00.000Z,16.0,1.0,94,1,49.2063492063
177,2020-11-23T00:00:00.000Z,17.0,1.0,96,1,60.0
178,2020-11-24T00:00:00.000Z,23.0,1.0,105,1,64.0625
179,2020-11-25T00:00:00.000Z,17.0,1.0,112,1,36.5853658537
180,2020-11-27T00:00:00.000Z,14.0,0.0,102,1,15.9090909091
181,2020-11-30T00:00:00.000Z,15.0,1.0,103,1,9.5744680851
182,2020-12-01T00:00:00.000Z,23.0,1.0,112,1,16.6666666667
183,2020-12-02T00:00:00.000Z,19.0,1.0,119,1,13.3333333333
184,2020-12-03T00:00:00.000Z,21.0,1.0,121,1,8.0357142857
185,2020-12-04T00:00:00.000Z,17.0,1.0,122,1,19.6078431373
186,2020-12-07T00:00:00.000Z,9.0,0.0,113,1,9.7087378641
187,2020-12-08T00:00:00.000Z,14.0,0.0,111,1,-0.8928571429
188,2020-12-09T00:00:00.000Z,11.0,0.0,99,1,-16.8067226891
189,2020-12-10T00:00:00.000Z,16.0,1.0,100,1,-17.3553719008
190,2020-12-11T00:00:00.000Z,18.0,1.0,100,1,-18.0327868852
191,2020-12-14T00:00:00.000Z,16.0,1.0,109,1,-3.5398230088
192,2020-12-15T00:00:00.000Z,11.0,0.0,102,1,-8.1081081081
193,2020-12-16T00:00:00.000Z,12.0,0.0,101,1,2.0202020202
194,2020-12-17T00:00:00.000Z,8.0,0.0,96,1,-4.0
195,2020-12-18T00:00:00.000Z,11.0,0.0,93,1,-7.0
196,2020-12-21T00:00:00.000Z,7.0,0.0,92,1,-15.5963302752
197,2020-12-22T00:00:00.000Z,17.0,1.0,93,1,-8.8235294118
198,2020-12-23T00:00:00.000Z,15.0,1.0,99,1,-1.9801980198
199,2020-12-24T00:00:00.000Z,12.0,0.0,98,1,2.0833333333
200,2020-12-28T00:00:00.000Z,4.0,0.0,78,1,-16.1290322581
201,2020-12-29T00:00:00.000Z,8.0,0.0,76,1,-17.3913043478
202,2020-12-30T00:00:00.000Z,8.0,0.0,72,1,-22.5806451613
203,2020-12-31T00:00:00.000Z,10.0,0.0,76,1,-23.2323232323
204,2021-01-04T00:00:00.000Z,10.0,0.0,77,1,-21.4285714286
205,2021-01-05T00:00:00.000Z,14.0,0.0,80,1,2.5641025641
206,2021-01-06T00:00:00.000Z,4.0,0.0,74,1,-2.6315789474
207,2021-01-07T00:00:00.000Z,3.0,0.0,61,0,-15.2777777778
208,2021-01-08T00:00:00.000Z,14.0,0.0,63,0,-17.1052631579
209,2021-01-11T00:00:00.000Z,9.0,0.0,58,0,-24.6753246753
210,2021-01-12T00:00:00.000Z,7.0,0.0,54,0,-32.5
211,2021-01-13T00:00:00.000Z,5.0,0.0,49,0,-33.7837837838
212,2021-01-14T00:00:00.000Z,12.0,0.0,58,0,-4.9180327869
213,2021-01-15T00:00:00.000Z,6.0,0.0,59,0,-6.3492063492
214,2021-01-18T00:00:00.000Z,5.0,0.0,52,0,-10.3448275862
215,2021-01-19T00:00:00.000Z,7.0,0.0,54,0,0.0
216,2021-01-20T00:00:00.000Z,3.0,0.0,49,0,0.0
217,2021-01-21T00:00:00.000Z,11.0,0.0,47,0,-18.9655172414
218,2021-01-22T00:00:00.000Z,11.0,0.0,53,0,-10.1694915254
219,2021-01-25T00:00:00.000Z,9.0,0.0,49,0,-5.7692307692
220,2021-01-26T00:00:00.000Z,5.0,0.0,47,0,-12.962962963
221,2021-01-27T00:00:00.000Z,4.0,0.0,46,0,-6.1224489796
222,2021-01-28T00:00:00.000Z,8.0,0.0,41,0,-12.7659574468
223,2021-01-29T00:00:00.000Z,4.0,0.0,36,0,-32.0754716981
224,2021-02-01T00:00:00.000Z,1.0,0.0,35,0,-28.5714285714
225,2021-02-02T00:00:00.000Z,3.0,0.0,34,0,-27.6595744681
226,2021-02-03T00:00:00.000Z,7.0,0.0,33,0,-28.2608695652
227,2021-02-04T00:00:00.000Z,2.0,0.0,33,0,-19.512195122
228,2021-02-05T00:00:00.000Z,2.0,0.0,23,0,-36.1111111111
229,2021-02-08T00:00:00.000Z,6.0,0.0,22,0,-37.1428571429
230,2021-02-09T00:00:00.000Z,7.0,0.0,23,0,-32.3529411765
231,2021-02-10T00:00:00.000Z,3.0,0.0,22,0,-33.3333333333
232,2021-02-11T00:00:00.000Z,5.0,0.0,23,0,-30.303030303
233,2021-02-12T00:00:00.000Z,6.0,0.0,28,0,21.7391304348
234,2021-02-15T00:00:00.000Z,1.0,0.0,16,0,-27.2727272727
235,2021-02-16T00:00:00.000Z,5.0,0.0,21,0,-8.6956521739
236,2021-02-17T00:00:00.000Z,4.0,0.0,18,0,-18.1818181818
237,2021-02-18T00:00:00.000Z,3.0,0.0,21,0,-8.6956521739
238,2021-02-19T00:00:00.000Z,3.0,0.0,17,0,-39.2857142857
239,2021-02-22T00:00:00.000Z,0.0,0.0,16,0,0.0
240,2021-02-23T00:00:00.000Z,3.0,0.0,17,0,-19.0476190476
241,2021-02-24T00:00:00.000Z,3.0,0.0,17,0,-5.5555555556
242,2021-02-25T00:00:00.000Z,3.0,0.0,19,0,-9.5238095238
243,2021-02-26T00:00:00.000Z,5.0,0.0,19,0,11.7647058824
244,2021-03-01T00:00:00.000Z,1.0,0.0,13,0,-18.75
245,2021-03-02T00:00:00.000Z,5.0,0.0,14,0,-17.6470588235
246,2021-03-03T00:00:00.000Z,6.0,0.0,19,0,11.7647058824
247,2021-03-04T00:00:00.000Z,2.0,0.0,18,0,-5.2631578947
248,2021-03-05T00:00:00.000Z,6.0,0.0,25,0,31.5789473684
249,2021-03-08T00:00:00.000Z,2.0,0.0,18,0,38.4615384615
250,2021-03-09T00:00:00.000Z,0.0,0.0,22,0,57.1428571429
251,2021-03-10T00:00:00.000Z,6.0,0.0,21,0,10.5263157895
252,2021-03-15T00:00:00.000Z,3.0,0.0,22,0,22.2222222222
253,2021-03-16T00:00:00.000Z,2.0,0.0,22,0,-12.0
254,2021-03-18T00:00:00.000Z,1.0,0.0,23,0,27.7777777778
255,2021-03-19T00:00:00.000Z,4.0,0.0,25,0,13.6363636364
256,2021-03-22T00:00:00.000Z,3.0,0.0,28,0,33.3333333333
257,2021-03-23T00:00:00.000Z,4.0,0.0,29,0,31.8181818182
258,2021-03-24T00:00:00.000Z,4.0,0.0,26,0,18.1818181818
259,2021-03-25T00:00:00.000Z,4.0,0.0,28,0,21.7391304348
260,2021-03-26T00:00:00.000Z,5.0,0.0,29,0,16.0
261,2021-03-29T00:00:00.000Z,1.0,0.0,21,0,-25.0
262,2021-03-30T00:00:00.000Z,2.0,0.0,21,0,-27.5862068966
263,2021-04-01T00:00:00.000Z,3.0,0.0,22,0,-15.3846153846
264,2021-04-02T00:00:00.000Z,6.0,0.0,20,0,-28.5714285714
265,2021-04-05T00:00:00.000Z,5.0,0.0,27,0,-6.8965517241
266,2021-04-06T00:00:00.000Z,9.0,0.0,33,0,57.1428571429
267,2021-04-07T00:00:00.000Z,3.0,0.0,32,0,52.380952381
268,2021-04-08T00:00:00.000Z,8.0,0.0,34,0,54.5454545455
269,2021-04-09T00:00:00.000Z,5.0,0.0,33,0,65.0
270,2021-04-12T00:00:00.000Z,3.0,0.0,36,0,33.3333333333
271,2021-04-13T00:00:00.000Z,8.0,0.0,39,0,18.1818181818
272,2021-04-14T00:00:00.000Z,6.0,0.0,39,0,21.875
273,2021-04-15T00:00:00.000Z,4.0,0.0,32,0,-5.8823529412
274,2021-04-16T00:00:00.000Z,8.0,0.0,35,0,6.0606060606
275,2021-04-20T00:00:00.000Z,8.0,0.0,36,0,0.0
276,2021-04-21T00:00:00.000Z,8.0,0.0,41,0,5.1282051282
277,2021-04-22T00:00:00.000Z,6.0,0.0,47,0,20.5128205128
278,2021-04-23T00:00:00.000Z,6.0,0.0,47,0,46.875
279,2021-04-26T00:00:00.000Z,5.0,0.0,37,0,5.7142857143
280,2021-04-27T00:00:00.000Z,7.0,0.0,39,0,8.3333333333
281,2021-04-28T00:00:00.000Z,10.0,0.0,44,0,7.3170731707
282,2021-04-29T00:00:00.000Z,2.0,0.0,39,0,-17.0212765957
283,2021-04-30T00:00:00.000Z,5.0,0.0,38,0,-19.1489361702
284,2021-05-03T00:00:00.000Z,6.0,0.0,38,0,2.7027027027
285,2021-05-04T00:00:00.000Z,8.0,0.0,43,0,10.2564102564
286,2021-05-06T00:00:00.000Z,10.0,0.0,43,0,-2.2727272727
287,2021-05-07T00:00:00.000Z,5.0,0.0,41,0,5.1282051282
288,2021-05-10T00:00:00.000Z,5.0,0.0,39,0,2.6315789474
289,2021-05-11T00:00:00.000Z,5.0,0.0,38,0,0.0
290,2021-05-12T00:00:00.000Z,7.0,0.0,40,0,-6.976744186
291,2021-05-13T00:00:00.000Z,4.0,0.0,39,0,-9.3023255814
292,2021-05-14T00:00:00.000Z,5.0,0.0,40,0,-2.4390243902
293,2021-05-17T00:00:00.000Z,1.0,0.0,32,0,-17.9487179487
294,2021-05-18T00:00:00.000Z,1.0,0.0,29,0,-23.6842105263
295,2021-05-19T00:00:00.000Z,4.0,0.0,28,0,-30.0
296,2021-05-20T00:00:00.000Z,3.0,0.0,25,0,-35.8974358974
297,2021-05-21T00:00:00.000Z,9.0,0.0,30,0,-25.0
298,2021-05-24T00:00:00.000Z,6.0,0.0,27,0,-15.625
299,2021-05-25T00:00:00.000Z,3.0,0.0,20,0,-31.0344827586
300,2021-05-26T00:00:00.000Z,3.0,0.0,20,0,-28.5714285714
301,2021-05-27T00:00:00.000Z,4.0,0.0,23,0,-8.0
302,2021-05-28T00:00:00.000Z,6.0,0.0,25,0,-16.6666666667
303,2021-06-01T00:00:00.000Z,2.0,0.0,17,0,-37.037037037
304,2021-06-02T00:00:00.000Z,4.0,0.0,22,0,10.0
305,2021-06-03T00:00:00.000Z,2.0,0.0,23,0,15.0
306,2021-06-04T00:00:00.000Z,3.0,0.0,21,0,-8.6956521739
307,2021-06-07T00:00:00.000Z,0.0,0.0,17,0,-32.0
308,2021-06-08T00:00:00.000Z,3.0,0.0,16,0,-5.8823529412
309,2021-06-09T00:00:00.000Z,0.0,0.0,15,0,-31.8181818182
310,2021-06-10T00:00:00.000Z,5.0,0.0,19,0,-17.3913043478
311,2021-06-14T00:00:00.000Z,2.0,0.0,21,0,0.0
312,2021-06-15T00:00:00.000Z,8.0,0.0,25,0,47.0588235294
313,2021-06-16T00:00:00.000Z,1.0,0.0,23,0,43.75
314,2021-06-17T00:00:00.000Z,2.0,0.0,24,0,60.0
315,2021-06-18T00:00:00.000Z,2.0,0.0,20,0,5.2631578947
316,2021-06-21T00:00:00.000Z,4.0,0.0,23,0,9.5238095238
317,2021-06-22T00:00:00.000Z,4.0,0.0,23,0,-8.0
318,2021-06-23T00:00:00.000Z,3.0,0.0,21,0,-8.6956521739
319,2021-06-24T00:00:00.000Z,3.0,0.0,20,0,-16.6666666667
320,2021-06-28T00:00:00.000Z,1.0,0.0,16,0,-20.0
321,2021-06-29T00:00:00.000Z,4.0,0.0,17,0,-26.0869565217
322,2021-07-01T00:00:00.000Z,3.0,0.0,15,0,-34.7826086957
323,2021-07-02T00:00:00.000Z,2.0,0.0,16,0,-23.8095238095
324,2021-07-06T00:00:00.000Z,1.0,0.0,20,0,0.0
325,2021-07-09T00:00:00.000Z,,,19,0,18.75
326,2021-07-14T00:00:00.000Z,,,10,0,-41.1764705882
327,2021-07-15T00:00:00.000Z,,,12,0,-20.0
328,2021-07-16T00:00:00.000Z,0.0,0.0,13,0,-18.75
329,2021-07-19T00:00:00.000Z,3.0,0.0,14,0,-30.0
330,2021-07-20T00:00:00.000Z,2.0,0.0,20,0,5.2631578947
331,2021-07-21T00:00:00.000Z,4.0,0.0,17,0,70.0
332,2021-07-23T00:00:00.000Z,5.0,0.0,20,0,66.6666666667
333,2021-07-26T00:00:00.000Z,2.0,0.0,27,0,107.6923076923
334,2021-07-27T00:00:00.000Z,2.0,0.0,23,0,64.2857142857
335,2021-07-28T00:00:00.000Z,4.0,0.0,23,0,15.0
336,2021-07-29T00:00:00.000Z,7.0,0.0,28,0,64.7058823529
337,2021-07-30T00:00:00.000Z,4.0,0.0,30,0,50.0
338,2021-08-03T00:00:00.000Z,2.0,0.0,24,0,-11.1111111111
339,2021-08-04T00:00:00.000Z,4.0,0.0,23,0,0.0
340,2021-08-05T00:00:00.000Z,7.0,0.0,29,0,26.0869565217
341,2021-08-06T00:00:00.000Z,5.0,0.0,34,0,21.4285714286
342,2021-08-09T00:00:00.000Z,7.0,0.0,44,0,46.6666666667
343,2021-08-10T00:00:00.000Z,6.0,0.0,41,0,70.8333333333
344,2021-08-12T00:00:00.000Z,4.0,0.0,40,0,73.9130434783
345,2021-08-13T00:00:00.000Z,6.0,0.0,41,0,41.3793103448
346,2021-08-17T00:00:00.000Z,11.0,0.0,52,0,52.9411764706
347,2021-08-18T00:00:00.000Z,8.0,0.0,58,0,31.8181818182
348,2021-08-19T00:00:00.000Z,10.0,0.0,58,0,41.4634146341
349,2021-08-20T00:00:00.000Z,6.0,0.0,54,0,35.0
350,2021-08-23T00:00:00.000Z,11.0,0.0,58,0,41.4634146341
351,2021-08-24T00:00:00.000Z,12.0,0.0,65,1,25.0
352,2021-08-25T00:00:00.000Z,,,63,0,8.6206896552
353,2021-08-26T00:00:00.000Z,6.0,0.0,66,1,13.7931034483
354,2021-08-27T00:00:00.000Z,10.0,0.0,66,1,22.2222222222
355,2021-08-30T00:00:00.000Z,11.0,0.0,83,1,43.1034482759
356,2021-08-31T00:00:00.000Z,8.0,0.0,83,1,27.6923076923
357,2021-09-01T00:00:00.000Z,10.0,0.0,91,1,44.4444444444
358,2021-09-02T00:00:00.000Z,9.0,0.0,87,1,31.8181818182
359,2021-09-03T00:00:00.000Z,5.0,0.0,85,1,28.7878787879
360,2021-09-07T00:00:00.000Z,9.0,0.0,84,1,1.2048192771
361,2021-09-08T00:00:00.000Z,7.0,0.0,79,1,-4.8192771084
362,2021-09-09T00:00:00.000Z,11.0,0.0,84,1,-7.6923076923
363,2021-09-10T00:00:00.000Z,15.0,1.0,88,1,1.1494252874
364,2021-09-13T00:00:00.000Z,6.0,0.0,80,1,-5.8823529412
365,2021-09-14T00:00:00.000Z,6.0,0.0,81,1,-3.5714285714
366,2021-09-15T00:00:00.000Z,,,76,1,-3.7974683544
367,2021-09-16T00:00:00.000Z,9.0,0.0,73,1,-13.0952380952
368,2021-09-20T00:00:00.000Z,6.0,0.0,66,1,-25.0
369,2021-09-21T00:00:00.000Z,12.0,0.0,68,1,-15.0
370,2021-09-22T00:00:00.000Z,5.0,0.0,60,0,-25.9259259259
371,2021-09-23T00:00:00.000Z,11.0,0.0,65,1,-14.4736842105
372,2021-09-24T00:00:00.000Z,6.0,0.0,61,0,-16.4383561644
373,2021-09-27T00:00:00.000Z,13.0,0.0,71,1,7.5757575758
374,2021-09-28T00:00:00.000Z,10.0,0.0,71,1,4.4117647059
375,2021-09-29T00:00:00.000Z,3.0,0.0,66,1,10.0
376,2021-09-30T00:00:00.000Z,6.0,0.0,60,0,-7.6923076923
377,2021-10-01T00:00:00.000Z,7.0,0.0,57,0,-6.5573770492
378,2021-10-04T00:00:00.000Z,5.0,0.0,59,0,-16.9014084507
379,2021-10-05T00:00:00.000Z,14.0,0.0,68,1,-4.2253521127
380,2021-10-06T00:00:00.000Z,12.0,0.0,72,1,9.0909090909
381,2021-10-07T00:00:00.000Z,12.0,0.0,79,1,31.6666666667
382,2021-10-08T00:00:00.000Z,10.0,0.0,86,1,50.8771929825
383,2021-10-11T00:00:00.000Z,9.0,0.0,88,1,49.1525423729
384,2021-10-12T00:00:00.000Z,10.0,0.0,84,1,23.5294117647
385,2021-10-13T00:00:00.000Z,10.0,0.0,85,1,18.0555555556
386,2021-10-14T00:00:00.000Z,9.0,0.0,84,1,6.3291139241
387,2021-10-15T00:00:00.000Z,13.0,0.0,91,1,5.8139534884
388,2021-10-18T00:00:00.000Z,10.0,0.0,90,1,2.2727272727
389,2021-10-19T00:00:00.000Z,12.0,0.0,92,1,9.5238095238
390,2021-10-20T00:00:00.000Z,10.0,0.0,98,1,15.2941176471
391,2021-10-21T00:00:00.000Z,14.0,0.0,100,1,19.0476190476
392,2021-10-22T00:00:00.000Z,8.0,0.0,97,1,6.5934065934
393,2021-10-25T00:00:00.000Z,7.0,0.0,101,1,12.2222222222
394,2021-10-26T00:00:00.000Z,6.0,0.0,95,1,3.2608695652
395,2021-10-27T00:00:00.000Z,9.0,0.0,97,1,-1.0204081633
396,2021-10-28T00:00:00.000Z,12.0,0.0,98,1,-2.0
397,2021-10-29T00:00:00.000Z,16.0,1.0,105,1,8.2474226804
398,2021-11-01T00:00:00.000Z,12.0,0.0,107,1,5.9405940594
399,2021-11-02T00:00:00.000Z,11.0,0.0,112,1,17.8947368421
400,2021-11-03T00:00:00.000Z,14.0,0.0,111,1,14.4329896907
401,2021-11-04T00:00:00.000Z,13.0,0.0,116,1,18.3673469388
402,2021-11-05T00:00:00.000Z,13.0,0.0,122,1,16.1904761905
403,2021-11-08T00:00:00.000Z,8.0,0.0,107,1,0.0
404,2021-11-09T00:00:00.000Z,12.0,0.0,111,1,-0.8928571429
405,2021-11-10T00:00:00.000Z,19.0,1.0,119,1,7.2072072072
406,2021-11-12T00:00:00.000Z,9.0,0.0,109,1,-6.0344827586
407,2021-11-15T00:00:00.000Z,11.0,0.0,97,1,-20.4918032787
408,2021-11-16T00:00:00.000Z,17.0,1.0,100,1,-6.5420560748
409,2021-11-17T00:00:00.000Z,11.0,0.0,105,1,-5.4054054054
410,2021-11-18T00:00:00.000Z,9.0,0.0,107,1,-10.0840336134
411,2021-11-19T00:00:00.000Z,15.0,1.0,109,1,0.0
412,2021-11-22T00:00:00.000Z,20.0,1.0,108,1,11.3402061856
413,2021-11-23T00:00:00.000Z,4.0,0.0,103,1,3.0
414,2021-11-24T00:00:00.000Z,12.0,0.0,103,1,-1.9047619048
415,2021-11-29T00:00:00.000Z,3.0,0.0,73,1,-31.7757009346
416,2021-11-30T00:00:00.000Z,16.0,1.0,74,1,-32.1100917431
417,2021-12-01T00:00:00.000Z,12.0,0.0,74,1,-31.4814814815
418,2021-12-02T00:00:00.000Z,6.0,0.0,68,1,-33.9805825243
419,2021-12-03T00:00:00.000Z,10.0,0.0,63,0,-38.8349514563
420,2021-12-06T00:00:00.000Z,8.0,0.0,65,1,-10.9589041096
421,2021-12-07T00:00:00.000Z,21.0,1.0,79,1,6.7567567568
422,2021-12-08T00:00:00.000Z,10.0,0.0,75,1,1.3513513514
423,2021-12-09T00:00:00.000Z,13.0,0.0,77,1,13.2352941176
424,2021-12-10T00:00:00.000Z,9.0,0.0,76,1,20.6349206349
425,2021-12-13T00:00:00.000Z,10.0,0.0,80,1,23.0769230769
426,2021-12-14T00:00:00.000Z,9.0,0.0,81,1,2.5316455696
427,2021-12-15T00:00:00.000Z,6.0,0.0,81,1,8.0
428,2021-12-15T00:00:00.000Z,6.0,0.0,81,1,5.1948051948
429,2021-12-15T00:00:00.000Z,6.0,0.0,81,1,8.0
430,2021-12-15T00:00:00.000Z,6.0,0.0,81,1,5.1948051948
431,2021-12-16T00:00:00.000Z,,,88,1,15.7894736842
432,2021-12-17T00:00:00.000Z,3.0,0.0,83,1,3.75
433,2021-12-20T00:00:00.000Z,4.0,0.0,72,1,-11.1111111111
434,2021-12-21T00:00:00.000Z,6.0,0.0,68,1,-16.049382716
435,2021-12-22T00:00:00.000Z,4.0,0.0,66,1,-18.5185185185
436,2021-12-23T00:00:00.000Z,10.0,0.0,71,1,-19.3181818182
437,2021-12-27T00:00:00.000Z,3.0,0.0,59,0,-28.9156626506
438,2021-12-28T00:00:00.000Z,9.0,0.0,61,0,-15.2777777778
439,2021-12-29T00:00:00.000Z,7.0,0.0,66,1,-2.9411764706
440,2021-12-30T00:00:00.000Z,3.0,0.0,59,0,-10.6060606061
441,2022-01-03T00:00:00.000Z,8.0,0.0,60,0,-15.4929577465
442,2022-01-04T00:00:00.000Z,17.0,1.0,63,0,6.7796610169
443,2022-01-05T00:00:00.000Z,18.0,1.0,70,1,14.7540983607
444,2022-01-06T00:00:00.000Z,12.0,0.0,73,1,10.6060606061
445,2022-01-07T00:00:00.000Z,13.0,0.0,72,1,22.0338983051
446,2022-01-10T00:00:00.000Z,14.0,0.0,68,1,13.3333333333
447,2022-01-11T00:00:00.000Z,15.0,1.0,86,1,36.5079365079
448,2022-01-12T00:00:00.000Z,,,84,1,20.0
449,2022-01-13T00:00:00.000Z,,,79,1,8.2191780822
450,2022-01-14T00:00:00.000Z,,,80,1,11.1111111111
451,2022-01-18T00:00:00.000Z,23.0,1.0,90,1,32.3529411765
452,2022-01-19T00:00:00.000Z,22.0,1.0,104,1,20.9302325581
453,2022-01-20T00:00:00.000Z,18.0,1.0,101,1,20.2380952381
454,2022-01-24T00:00:00.000Z,11.0,0.0,106,1,34.1772151899
455,2022-01-25T00:00:00.000Z,11.0,0.0,103,1,28.75
456,2022-01-26T00:00:00.000Z,11.0,0.0,97,1,7.7777777778
457,2022-01-27T00:00:00.000Z,12.0,0.0,95,1,-8.6538461538
458,2022-01-28T00:00:00.000Z,17.0,1.0,89,1,-11.8811881188
459,2022-01-31T00:00:00.000Z,13.0,0.0,105,1,-0.9433962264
460,2022-02-01T00:00:00.000Z,17.0,1.0,99,1,-3.8834951456
461,2022-02-02T00:00:00.000Z,15.0,1.0,94,1,-3.0927835052
462,2022-02-03T00:00:00.000Z,8.0,0.0,88,1,-7.3684210526
463,2022-02-04T00:00:00.000Z,16.0,1.0,86,1,-3.3707865169
464,2022-02-07T00:00:00.000Z,5.0,0.0,72,1,-31.4285714286
465,2022-02-08T00:00:00.000Z,4.0,0.0,56,0,-43.4343434343
466,2022-02-09T00:00:00.000Z,9.0,0.0,59,0,-37.2340425532
467,2022-02-10T00:00:00.000Z,5.0,0.0,59,0,-32.9545454545
468,2022-02-11T00:00:00.000Z,7.0,0.0,55,0,-36.0465116279
469,2022-02-14T00:00:00.000Z,5.0,0.0,43,0,-40.2777777778
470,2022-02-15T00:00:00.000Z,5.0,0.0,39,0,-30.3571428571
471,2022-02-16T00:00:00.000Z,5.0,0.0,40,0,-32.2033898305
472,2022-02-17T00:00:00.000Z,8.0,0.0,40,0,-32.2033898305
473,2022-02-18T00:00:00.000Z,1.0,0.0,34,0,-38.1818181818
474,2022-02-22T00:00:00.000Z,4.0,0.0,32,0,-25.5813953488
475,2022-02-23T00:00:00.000Z,2.0,0.0,26,0,-33.3333333333
